Workbook

Sheet Index
B3: Role | C3: Responsibility | D3: Point of Contact
B4: CEO | C4: Governance, risk acceptance
B5: Compliance Lead | C5: Compliance & Audits
B6: Engineering Lead | C6: Secure SDLC
B7: Support Lead | C7: Incidents & grievances
B9: Risk Rating guidance High = Regulatory breach, major outage, AI harm, or customer trust impact Medium = Operational disruption or customer dissatisfaction Low = Limited impact, internal inefficiency
B14: Legend Applicability: A = Applicable, NA = Not Applicable Status: I = Implemented, PI = Partially Implemented, NI = Not Implemented
E20: prepared by | F20: Devanath

Sheet Dashboard
C5: A. Audit Readiness (% Implemented) | D5: #
C6: Total Applicable | D6: =COUNTIF('Gap Assessment'!H:H,"A") -> 0
C7: Implemented | D7: =COUNTIF('Gap Assessment'!L:L,"I") -> 0
C8: Pending Implementation | D8: =D6-D7 -> 0
C9: % Implemented | D9: =D7/D6 -> #DIV/0!
L13: C. High-Risk Open Controls | M13: =COUNTIFS('Gap Assessment'!J:J,"High",'Gap Assessment'!L:L,"<>I",'Gap Assessment'!H:H,"A") -> 0
L14: High-Risk Open Items
C18: B. Control Status Breakdown | D18: #
C19: Implemented | D19: =COUNTIF('Gap Assessment'!L:L,"I") -> 0
C20: Partially Implemented | D20: =COUNTIF('Gap Assessment'!L:L,"PI") -> 0
C21: Not Implemented | D21: =COUNTIF('Gap Assessment'!L:L,"NI") -> 0

Sheet Gap Assessment
A1: Control Group | B1: Control ID | C1: Control Description | D1: DPDP/GDPR (Y/N) | E1: ISO 27001 (Y/N) | F1: ISO 42001 (Y/N) | G1: ISO 9001 (Y/N) | H1: Applicability (Dropdown: A / NA) | I1: NA Justification | J1: Risk Rating (Dropdown: High / Medium / Low) | K1: Control Owner | L1: Implementation Status (I / PI / NI) | M1: Evidence Reference | N1: Last Reviewed | O1: Next Review Date | P1: Risk Score | Q1: Control Effectiveness | R1: Residual Risk
A2: Governance, Leadership & Accountability | B2: G1 | C2: Roles, responsibilities, and accountability defined | D2: Y | E2: Y | F2: Y | G2: Y | J2: High | K2: CEO / CISO | P2: =IF($H2="NA","Control marked NA", IF($H2="","Choose control A/NA", IF($J2="High",3, IF($J2="Medium",2, IF($J2="Low",1,""))))) -> Choose control A/NA | Q2: =IF($L2="","Choose Implementation Status", IF($L2="I",1, IF($L2="PI",0.5, IF($L2="NI",0, "")))) -> Choose Implementation Status | R2: =IF($H2="","Choose control A/NA",IF($H2="NA","Control marked NA",$P2*(1-$Q2))) -> Choose control A/NA
B3: G2 | C3: Privacy, security, quality & AI policies approved | D3: Y | E3: Y | F3: Y | G3: Y | J3: High | K3: Compliance Lead | P3: =IF($H3="NA","Control marked NA", IF($H3="","Choose control A/NA", IF($J3="High",3, IF($J3="Medium",2, IF($J3="Low",1,""))))) -> Choose control A/NA | Q3: =IF($L3="","Choose Implementation Status", IF($L3="I",1, IF($L3="PI",0.5, IF($L3="NI",0, "")))) -> Choose Implementation Status | R3: =IF($H3="","Choose control A/NA",IF($H3="NA","Control marked NA",$P3*(1-$Q3))) -> Choose control A/NA
B4: G3 | C4: Management commitment & review established | E4: Y | F4: Y | G4: Y | J4: Medium | K4: Leadership Team | P4: =IF($H4="NA","Control marked NA", IF($H4="","Choose control A/NA", IF($J4="High",3, IF($J4="Medium",2, IF($J4="Low",1,""))))) -> Choose control A/NA | Q4: =IF($L4="","Choose Implementation Status", IF($L4="I",1, IF($L4="PI",0.5, IF($L4="NI",0, "")))) -> Choose Implementation Status | R4: =IF($H4="","Choose control A/NA",IF($H4="NA","Control marked NA",$P4*(1-$Q4))) -> Choose control A/NA
B5: G4 | C5: Grievance & escalation mechanisms defined | D5: Y | F5: Y | G5: Y | J5: Medium | K5: Support Lead | P5: =IF($H5="NA","Control marked NA", IF($H5="","Choose control A/NA", IF($J5="High",3, IF($J5="Medium",2, IF($J5="Low",1,""))))) -> Choose control A/NA | Q5: =IF($L5="","Choose Implementation Status", IF($L5="I",1, IF($L5="PI",0.5, IF($L5="NI",0, "")))) -> Choose Implementation Status | R5: =IF($H5="","Choose control A/NA",IF($H5="NA","Control marked NA",$P5*(1-$Q5))) -> Choose control A/NA
A6: Risk Management (Security, Privacy & AI) | B6: R1 | C6: Data, security & AI risks identified | D6: Y | E6: Y | F6: Y | G6: Y | J6: High | K6: Risk Owner | P6: =IF($H6="NA","Control marked NA", IF($H6="","Choose control A/NA", IF($J6="High",3, IF($J6="Medium",2, IF($J6="Low",1,""))))) -> Choose control A/NA | Q6: =IF($L6="","Choose Implementation Status", IF($L6="I",1, IF($L6="PI",0.5, IF($L6="NI",0, "")))) -> Choose Implementation Status | R6: =IF($H6="","Choose control A/NA",IF($H6="NA","Control marked NA",$P6*(1-$Q6))) -> Choose control A/NA
B7: R2 | C7: Risks assessed & prioritised | D7: Y | E7: Y | F7: Y | G7: Y | J7: High | K7: Risk Owner | P7: =IF($H7="NA","Control marked NA", IF($H7="","Choose control A/NA", IF($J7="High",3, IF($J7="Medium",2, IF($J7="Low",1,""))))) -> Choose control A/NA | Q7: =IF($L7="","Choose Implementation Status", IF($L7="I",1, IF($L7="PI",0.5, IF($L7="NI",0, "")))) -> Choose Implementation Status | R7: =IF($H7="","Choose control A/NA",IF($H7="NA","Control marked NA",$P7*(1-$Q7))) -> Choose control A/NA
B8: R3 | C8: Risk treatment implemented | D8: Y | E8: Y | F8: Y | G8: Y | J8: High | K8: Control Owner | P8: =IF($H8="NA","Control marked NA", IF($H8="","Choose control A/NA", IF($J8="High",3, IF($J8="Medium",2, IF($J8="Low",1,""))))) -> Choose control A/NA | Q8: =IF($L8="","Choose Implementation Status", IF($L8="I",1, IF($L8="PI",0.5, IF($L8="NI",0, "")))) -> Choose Implementation Status | R8: =IF($H8="","Choose control A/NA",IF($H8="NA","Control marked NA",$P8*(1-$Q8))) -> Choose control A/NA
B9: R4 | C9: Residual risk accepted by management | E9: Y | F9: Y | G9: Y | J9: Medium | K9: CEO | P9: =IF($H9="NA","Control marked NA", IF($H9="","Choose control A/NA", IF($J9="High",3, IF($J9="Medium",2, IF($J9="Low",1,""))))) -> Choose control A/NA | Q9: =IF($L9="","Choose Implementation Status", IF($L9="I",1, IF($L9="PI",0.5, IF($L9="NI",0, "")))) -> Choose Implementation Status | R9: =IF($H9="","Choose control A/NA",IF($H9="NA","Control marked NA",$P9*(1-$Q9))) -> Choose control A/NA
A10: Data Inventory, Purpose & AI Data Use | B10: D1 | C10: Data & information assets inventoried | D10: Y | E10: Y | G10: Y | J10: High | K10: Data Owner | P10: =IF($H10="NA","Control marked NA", IF($H10="","Choose control A/NA", IF($J10="High",3, IF($J10="Medium",2, IF($J10="Low",1,""))))) -> Choose control A/NA | Q10: =IF($L10="","Choose Implementation Status", IF($L10="I",1, IF($L10="PI",0.5, IF($L10="NI",0, "")))) -> Choose Implementation Status | R10: =IF($H10="","Choose control A/NA",IF($H10="NA","Control marked NA",$P10*(1-$Q10))) -> Choose control A/NA
B11: D2 | C11: Purpose of processing & AI use defined | D11: Y | F11: Y | G11: Y | J11: High | K11: Product Lead | P11: =IF($H11="NA","Control marked NA", IF($H11="","Choose control A/NA", IF($J11="High",3, IF($J11="Medium",2, IF($J11="Low",1,""))))) -> Choose control A/NA | Q11: =IF($L11="","Choose Implementation Status", IF($L11="I",1, IF($L11="PI",0.5, IF($L11="NI",0, "")))) -> Choose Implementation Status | R11: =IF($H11="","Choose control A/NA",IF($H11="NA","Control marked NA",$P11*(1-$Q11))) -> Choose control A/NA
B12: D3 | C12: AI training & inference data documented | F12: Y | G12: Y | J12: Medium | K12: ML Lead | P12: =IF($H12="NA","Control marked NA", IF($H12="","Choose control A/NA", IF($J12="High",3, IF($J12="Medium",2, IF($J12="Low",1,""))))) -> Choose control A/NA | Q12: =IF($L12="","Choose Implementation Status", IF($L12="I",1, IF($L12="PI",0.5, IF($L12="NI",0, "")))) -> Choose Implementation Status | R12: =IF($H12="","Choose control A/NA",IF($H12="NA","Control marked NA",$P12*(1-$Q12))) -> Choose control A/NA
B13: D4 | C13: Retention & deletion rules defined | D13: Y | E13: Y | G13: Y | J13: High | K13: Compliance Lead | P13: =IF($H13="NA","Control marked NA", IF($H13="","Choose control A/NA", IF($J13="High",3, IF($J13="Medium",2, IF($J13="Low",1,""))))) -> Choose control A/NA | Q13: =IF($L13="","Choose Implementation Status", IF($L13="I",1, IF($L13="PI",0.5, IF($L13="NI",0, "")))) -> Choose Implementation Status | R13: =IF($H13="","Choose control A/NA",IF($H13="NA","Control marked NA",$P13*(1-$Q13))) -> Choose control A/NA
A14: Secure Development, Operations & AI Lifecycle | B14: S1 | C14: Secure SDLC / MLOps implemented | E14: Y | F14: Y | G14: Y | J14: High | K14: Engineering Lead | P14: =IF($H14="NA","Control marked NA", IF($H14="","Choose control A/NA", IF($J14="High",3, IF($J14="Medium",2, IF($J14="Low",1,""))))) -> Choose control A/NA | Q14: =IF($L14="","Choose Implementation Status", IF($L14="I",1, IF($L14="PI",0.5, IF($L14="NI",0, "")))) -> Choose Implementation Status | R14: =IF($H14="","Choose control A/NA",IF($H14="NA","Control marked NA",$P14*(1-$Q14))) -> Choose control A/NA
B15: S2 | C15: Access control & authentication enforced | D15: Y | E15: Y | G15: Y | J15: High | K15: IT / Cloud Lead | P15: =IF($H15="NA","Control marked NA", IF($H15="","Choose control A/NA", IF($J15="High",3, IF($J15="Medium",2, IF($J15="Low",1,""))))) -> Choose control A/NA | Q15: =IF($L15="","Choose Implementation Status", IF($L15="I",1, IF($L15="PI",0.5, IF($L15="NI",0, "")))) -> Choose Implementation Status | R15: =IF($H15="","Choose control A/NA",IF($H15="NA","Control marked NA",$P15*(1-$Q15))) -> Choose control A/NA
B16: S3 | C16: AI models tested pre-deployment | F16: Y | G16: Y | J16: Medium | K16: ML Lead | P16: =IF($H16="NA","Control marked NA", IF($H16="","Choose control A/NA", IF($J16="High",3, IF($J16="Medium",2, IF($J16="Low",1,""))))) -> Choose control A/NA | Q16: =IF($L16="","Choose Implementation Status", IF($L16="I",1, IF($L16="PI",0.5, IF($L16="NI",0, "")))) -> Choose Implementation Status | R16: =IF($H16="","Choose control A/NA",IF($H16="NA","Control marked NA",$P16*(1-$Q16))) -> Choose control A/NA
B17: S4 | C17: Logging & monitoring implemented | D17: Y | E17: Y | F17: Y | G17: Y | J17: High | K17: SRE Lead | P17: =IF($H17="NA","Control marked NA", IF($H17="","Choose control A/NA", IF($J17="High",3, IF($J17="Medium",2, IF($J17="Low",1,""))))) -> Choose control A/NA | Q17: =IF($L17="","Choose Implementation Status", IF($L17="I",1, IF($L17="PI",0.5, IF($L17="NI",0, "")))) -> Choose Implementation Status | R17: =IF($H17="","Choose control A/NA",IF($H17="NA","Control marked NA",$P17*(1-$Q17))) -> Choose control A/NA
A18: Incident, Breach & Service Failure Management | B18: I1 | C18: Incident & breach response defined | D18: Y | E18: Y | F18: Y | G18: Y | J18: High | K18: Security Lead | P18: =IF($H18="NA","Control marked NA", IF($H18="","Choose control A/NA", IF($J18="High",3, IF($J18="Medium",2, IF($J18="Low",1,""))))) -> Choose control A/NA | Q18: =IF($L18="","Choose Implementation Status", IF($L18="I",1, IF($L18="PI",0.5, IF($L18="NI",0, "")))) -> Choose Implementation Status | R18: =IF($H18="","Choose control A/NA",IF($H18="NA","Control marked NA",$P18*(1-$Q18))) -> Choose control A/NA
B19: I2 | C19: Incidents logged & investigated | D19: Y | E19: Y | F19: Y | G19: Y | J19: High | K19: Ops Lead | P19: =IF($H19="NA","Control marked NA", IF($H19="","Choose control A/NA", IF($J19="High",3, IF($J19="Medium",2, IF($J19="Low",1,""))))) -> Choose control A/NA | Q19: =IF($L19="","Choose Implementation Status", IF($L19="I",1, IF($L19="PI",0.5, IF($L19="NI",0, "")))) -> Choose Implementation Status | R19: =IF($H19="","Choose control A/NA",IF($H19="NA","Control marked NA",$P19*(1-$Q19))) -> Choose control A/NA
B20: I3 | C20: Corrective actions tracked | E20: Y | F20: Y | G20: Y | J20: Medium | K20: Process Owner | P20: =IF($H20="NA","Control marked NA", IF($H20="","Choose control A/NA", IF($J20="High",3, IF($J20="Medium",2, IF($J20="Low",1,""))))) -> Choose control A/NA | Q20: =IF($L20="","Choose Implementation Status", IF($L20="I",1, IF($L20="PI",0.5, IF($L20="NI",0, "")))) -> Choose Implementation Status | R20: =IF($H20="","Choose control A/NA",IF($H20="NA","Control marked NA",$P20*(1-$Q20))) -> Choose control A/NA

Sheet NA_Justifications
A1: Category | B1: Approved NA Language
A2: Cloud-only ops | B2: The organisation operates a cloud-first model and does not manage on-premise infrastructure.
A3: AI scope | B3: AI systems are advisory and subject to human oversight; no autonomous decision-making is performed.
A4: High-Risk AI | B4: No high-risk or autonomous AI systems
A5: Physical security | B5: Physical data centre security is managed by ISO-certified cloud providers.
A6: Physical Controls | B6: Cloud-first model; no on-prem infrastructure
A7: Personal data | B7: AI systems process anonymised or customer-provided data only.
A8: Hardware | B8: No specialised or embedded hardware is in scope.
A9: Continuous learning | B9: AI models do not perform autonomous learning in production.
